Jugador,Rating,RD
J13,1812.42041,143.8390184
J14,1786.227579,145.8119246
J20,1831.751285,143.8390236
J10,1752.207118,145.8119563
J15,1698.528469,144.2522666
J12,1701.471553,144.2522731
J19,1767.078026,144.7679434
J18,1538.659016,144.7679365
J9,1525.04205,142.9462688
J11,1630.786262,142.9462688
J16,1669.510007,144.1389977
J5,1461.272673,144.1389982
J7,1411.132181,143.6122324
J17,1588.867819,143.6122324
J6,1430.030221,143.3923237
J8,1395.015407,143.3923303
